<hazmatmenu>

	<remove xpath="/windows/window[@name='mainMenuPlayerName']" />
	<append xpath="/windows">
	<window name="mainMenuPlayerName" pos="0,50" width="210" height="100" depth="301" anchor="LeftBottom" pivot="bottomleft" controller="MainMenuPlayerName">
		<rect>
			<label style="header.name" name="mainMenuPlayerNameLabel" text="PLAYER NAME: EMPTY STR" font_size="0" width="210" justify="left"  />
		</rect>
	</window>
	</append>

	<remove xpath="/windows/window[@name='editingTools']" />
	<append xpath="/windows">
	<window name="editingTools" anchor="CenterCenter" pos="0,0" width="600" height="600" controller="EditingTools" cursor_area="true">
		<grid name="buttons" pos="-190,80" rows="13" cell_width="400" cell_height="70" repeat_content="false" arrangement="vertical" >
			<mainmenubutton name="btnRwgPreviewer" pivot="center" width="400" height="50" caption_key="xuiRwgPreviewer" visible="false"/>
			<mainmenubutton name="btnPrefabEditor" pivot="center" width="400" height="50" caption_key="xuiPrefabEditor" platform="!CONSOLE" />
			<mainmenubutton name="btnWorldEditor" pivot="center" width="400" height="50" caption_key="xuiWorldEditor" />
		</grid>
		
		<widget anchor_left="#bottomleft,0,40" anchor_bottom="#bottomleft,0,80" anchor_right="#bottomleft,0,50" anchor_top="#bottomleft,0,90" pivot="bottomleft">
			<mainmenubutton name="btnBack" pivot="left" width="200" height="50" caption_key="xuiBack" />
		</widget>
	</window>
	</append>

	<set xpath="/windows/window[@name='menuBackground']/texture[@name='bgTexture']/@texture">@modfolder:UIAtlases/ItemIconAtlas/hazmatbackground.jpg</set>

	<remove xpath="/windows/window[@name='mainMenuLogo']" />
	<append xpath="/windows">
	<window name="mainMenuLogo" anchor="CenterCenter" pos="0,0" width="1050" height="780" depth="-2">
		<texture depth="3" color="[white]" texture="Textures/UI/7DTD_logo" name="gameLogo" anchor_left="#cam,0.5,-280" anchor_bottom="#cam,0.5,40" anchor_right="#cam,0.5,-280" anchor_top="#cam,0.5,510" pivot="center" keep_aspect_ratio="BasedOnHeight" aspect_ratio="2.3" />
	</window>
	</append>

	<remove xpath="/windows/window[@name='mainMenu']" />
	<append xpath="/windows">
	<window name="mainMenu" anchor="CenterCenter" pos="0,0" width="1050" height="780" controller="MainMenu" cursor_area="true">
		<grid pos="-190,130" rows="13" cell_width="400" cell_height="70" repeat_content="false" arrangement="vertical" >
			<mainmenubutton name="btnNewGame" pivot="center" width="400" height="50" caption_key="xuiNewGame" />
			<mainmenubutton name="btnContinueGame" pivot="center" width="400" height="50" caption_key="xuiContinueGame" enabled="{has_saved_game}"/>
			<mainmenubutton name="btnConnectToServer" pivot="center" width="400" height="50" caption_key="xuiConnectToServer" />
			<mainmenubutton name="btnEditingTools" pivot="center" width="400" height="50" caption_key="xuiEditingTools" platform="!CONSOLE" />
			<mainmenubutton name="btnOptions" pivot="center" width="400" height="50" caption_key="xuiOptions" />
			<mainmenubutton name="btnCredits" pivot="center" width="400" height="50" caption_key="xuiCredits" />
			<mainmenubutton name="btnNews" pivot="center" width="400" height="50" caption_key="xuiMMNews" />
			<rect />
			<mainmenubutton name="btnQuit" pivot="center" width="400" height="50" caption_key="xuiQuit" platform="!CONSOLE"/>
		</grid>
	</window>
	</append>

	<remove xpath="/windows/window[@name='optionsMenu']" />
	<append xpath="/windows">
	<window name="optionsMenu" anchor="CenterCenter" pos="0,0" width="1050" height="780" controller="OptionsMenu" cursor_area="true">
		<grid name="optionsButtons" pos="-190,80" rows="13" cell_width="400" cell_height="70" repeat_content="false" arrangement="vertical" >
			<mainmenubutton name="btnGeneral" pivot="center" width="400" height="50" caption_key="xuiBtnOptionsGeneral" />
			<mainmenubutton name="btnVideo" pivot="center" width="400" height="50" caption_key="xuiBtnOptionsVideo" />
			<mainmenubutton name="btnAudio" pivot="center" width="400" height="50" caption_key="xuiBtnOptionsAudio" />
			<mainmenubutton name="btnControls" pivot="center" width="400" height="50" caption_key="xuiBtnOptionsKeyboard" />
			<mainmenubutton name="btnController" pivot="center" width="400" height="50" caption_key="xuiBtnOptionsController" />
			<mainmenubutton name="btnProfiles" pivot="center" width="400" height="50" caption_key="xuiBtnOptionsProfiles" visible="{notingame}" />
			<mainmenubutton name="btnBlockList" pivot="center" width="400" height="50" caption_key="xuiBlockedPlayers" visible="{# showblocklist and notingame}" />
			<mainmenubutton name="btnAccount" pivot="center" width="400" height="50" caption_key="xuiBtnOptionsAccount" visible="{notreleaseingame}" />
			<mainmenubutton name="btnTwitch" pivot="center" width="400" height="50" caption_key="xuiBtnOptionsTwitch" visible="{ingamenoteditor}" />
			<rect />
			<mainmenubutton name="btnBack" pivot="center" width="400" height="50" caption_key="xuiBack" visible="{ingame}" />
		</grid>
		
		<widget anchor_left="#bottomleft,0,40" anchor_bottom="#bottomleft,0,80" anchor_right="#bottomleft,0,50" anchor_top="#bottomleft,0,90" pivot="bottomleft">
			<mainmenubutton name="btnBack" pivot="left" width="200" height="50" caption_key="xuiBack" visible="{notingame}" />
		</widget>
	</window>
	</append>

</hazmatmenu>