<hazmatmenu>

	<remove xpath="/windows/window[@name='menuBackground']" />
	<append xpath="/windows">
	<window name="menuBackground" anchor="CenterCenter" pos="0,0" width="1050" height="780" depth="-3">
		<texture depth="1" color="[white]" texture="@modfolder:UIAtlases/ItemIconAtlas/hazmatbackground.jpg" name="bgTexture" anchor_left="#cam,0,-5" anchor_bottom="#cam,0,-5" anchor_right="#cam,1,5" anchor_top="#cam,1,5" />
	</window>
	</append>

	<set xpath="/windows/window[@name='editingTools']/grid[@name='buttons']/@pos">-190,80</set>

	<remove xpath="/windows/window[@name='mainMenuLogo']" />
	<append xpath="/windows">
	<window name="mainMenuLogo" anchor="CenterCenter" pos="0,0" width="1050" height="780" depth="-2">
		<texture depth="3" color="[white]" texture="@:Textures/UI/7DTD_logo.tga" name="gameLogo" anchor_left="#cam,0.5,-280" anchor_bottom="#cam,0.5,40" anchor_right="#cam,0.5,-280" anchor_top="#cam,0.5,510" pivot="center" keep_aspect_ratio="BasedOnHeight" aspect_ratio="2.3" />
	</window>
	</append>

	<set xpath="/windows/window[@name='mainMenu']/grid/@pos">-190,130</set>

	<set xpath="/windows/window[@name='optionsMenu']/grid[@name='optionsButtons']/@pos">-190,80</set>

</hazmatmenu>